Id,Ga,OGa,sGa,OGa,Error
x,0.607977390289,1.99964010715,1.80204415321,1.91807866096,0
