H,hellinger,kolmogorov,delta
6.666666666666667140e+01,8.773807086716359782e-01,9.445699377120609919e-01,-9.918590266664510657e-02
1.333333333333333428e+02,9.999948457649180389e-01,9.999999710995199909e-01,-1.385704433306140082e+01
