S2,hellinger,kolmogorov,delta
1.000000000000000194e-01,6.303657027044640149e-01,6.755526173276119595e-01,-5.114938814585879845e-01
2.000000000000000389e-01,8.795650712528539916e-01,9.339745801092750321e-01,-8.522963270481880294e-01
