S3,hellinger,kolmogorov,delta
1.000000000000000194e-01,8.312669089556800062e-01,8.588348076720380142e-01,-2.169354297338420068e+01
2.000000000000000389e-01,8.342198456109289895e-01,8.922685420483079666e-01,-2.122211950439620054e+01
