Id,A2,A3,S2,S3,H,Ga,C1,C2,CN,sA2,sA3,sS2,sS3,sH
x,0.0622144937515,0.960719347,0.00079345703125,0.00808630045503,0.0823504030704,0.000494389736559,4.82760047913,3.57675933838,4.82760051788,0.00067263841629,0.169301614165,1.25169754028e-05,0.00231761764735,0.363895505667
